
create table Department(id int Primary key,
name varchar(20));

create table Employee(id int Primary key,
name varchar(20),
salary double,
departmentId int,
Foreign key (departmentId) references Department(id));


mysql> desc department;
+-------+-------------+------+-----+---------+-------+
| Field | Type        | Null | Key | Default | Extra |
+-------+-------------+------+-----+---------+-------+
| id    | int         | NO   | PRI | NULL    |       |
| name  | varchar(20) | YES  |     | NULL    |       |
+-------+-------------+------+-----+---------+-------+
2 rows in set (0.00 sec)

mysql> desc Employee;
+--------------+-------------+------+-----+---------+-------+
| Field        | Type        | Null | Key | Default | Extra |
+--------------+-------------+------+-----+---------+-------+
| id           | int         | NO   | PRI | NULL    |       |
| name         | varchar(20) | YES  |     | NULL    |       |
| salary       | double      | YES  |     | NULL    |       |
| departmentId | int         | YES  | MUL | NULL    |       |
+--------------+-------------+------+-----+---------+-------+
4 rows in set (0.00 sec)


mysql> insert into Department values(1,"IT");
Query OK, 1 row affected (0.01 sec)

mysql> insert into Department values(2,"Sales");
Query OK, 1 row affected (0.00 sec)

mysql> insert into Employee values(1,"Joe",85000,1);
Query OK, 1 row affected (0.02 sec)

mysql> insert into Employee values(2,"Henry",80000,2);
Query OK, 1 row affected (0.01 sec)

mysql> insert into Employee values(3,"Sam",60000,2);
Query OK, 1 row affected (0.00 sec)

mysql> insert into Employee values(4,"Max",90000,1);
Query OK, 1 row affected (0.22 sec)

mysql> insert into Employee values(5,"Janet",69000,1);
Query OK, 1 row affected (0.00 sec)

mysql> insert into Employee values(6,"Randy",85000,1);
Query OK, 1 row affected (0.00 sec)

mysql> insert into Employee values(7,"Will",70000,1);
Query OK, 1 row affected (0.00 sec)

mysql> select * from department;
+----+-------+
| id | name  |
+----+-------+
|  1 | IT    |
|  2 | Sales |
+----+-------+
2 rows in set (0.00 sec)

mysql> select * from employee;
+----+-------+--------+--------------+
| id | name  | salary | departmentId |
+----+-------+--------+--------------+
|  1 | Joe   |  85000 |            1 |
|  2 | Henry |  80000 |            2 |
|  3 | Sam   |  60000 |            2 |
|  4 | Max   |  90000 |            1 |
|  5 | Janet |  69000 |            1 |
|  6 | Randy |  85000 |            1 |
|  7 | Will  |  70000 |            1 |
+----+-------+--------+--------------+
7 rows in set (0.00 sec)

 
mysql> select d.name As Department, e.name as Employee,e.salary
    -> as Salary from Employee as e inner join
    -> department d on e.departmentId = d.id
    -> where 3>(select count(Distinct salary)
    -> from Employee as e2 where e2.salary>e.salary
    -> and e.departmentId=e2.departmentId)
    -> order by department Asc,
    -> salary desc;
+------------+----------+--------+
| Department | Employee | Salary |
+------------+----------+--------+
| IT         | Max      |  90000 |
| IT         | Joe      |  85000 |
| IT         | Randy    |  85000 |
| IT         | Will     |  70000 |
| Sales      | Henry    |  80000 |
| Sales      | Sam      |  60000 |
+------------+----------+--------+
6 rows in set (0.06 sec)



